File,Word Count,Sections Found,Sections Missing,Has Affiliate
base64-to-image-guide-1.html,1644,"introduction,step-by-step,faq,conclusion",,True
base64-to-image-guide-2.html,1525,"introduction,step-by-step,faq,conclusion",,True
base64-to-image-guide-3.html,1494,"introduction,step-by-step,faq,conclusion",,True
base64-to-image-guide-4.html,1703,"introduction,step-by-step,faq,conclusion",,True
base64-to-image-guide-5.html,1431,"introduction,step-by-step,faq,conclusion",,True
batch-convert-jpg-to-png.html,1856,"step-by-step,faq,conclusion",introduction,True
batch-convert-png-to-jpg.html,2101,"introduction,step-by-step","faq,conclusion",True
batch-convert-webp-to-jpg.html,1371,"introduction,step-by-step,faq,conclusion",,True
blur-face-in-image.html,1404,step-by-step,"introduction,faq,conclusion",True
blur-image-background.html,1587,"introduction,step-by-step,faq,conclusion",,True
blur-image-for-privacy.html,1657,"introduction,step-by-step,faq,conclusion",,True
bmp-to-jpg-guide-1.html,1520,"introduction,step-by-step,faq,conclusion",,True
bmp-to-jpg-guide-2.html,1633,"introduction,step-by-step,faq,conclusion",,True
bmp-to-jpg-guide-3.html,1518,"introduction,step-by-step,faq,conclusion",,True
bmp-to-jpg-guide-4.html,1678,"introduction,step-by-step,faq,conclusion",,True
bmp-to-jpg-guide-5.html,1653,"introduction,step-by-step,faq,conclusion",,True
compress-image-for-email.html,1875,"introduction,step-by-step,faq,conclusion",,True
compress-image-for-website.html,975,"introduction,step-by-step","faq,conclusion",True
compress-image-for-whatsapp.html,1800,"introduction,step-by-step,faq,conclusion",,True
compress-image-without-losing-quality.html,2092,"introduction,step-by-step,faq,conclusion",,True
convert-image-to-black-and-white.html,1488,"step-by-step,faq,conclusion",introduction,True
convert-jpg-to-png-for-printing.html,1440,"introduction,step-by-step,faq,conclusion",,True
convert-jpg-to-png-for-web.html,1659,"introduction,step-by-step,faq,conclusion",,True
convert-jpg-to-png-with-transparency.html,1749,"introduction,step-by-step,faq,conclusion",,True
convert-photo-to-black-and-white.html,1496,"introduction,step-by-step,faq,conclusion",,True
convert-png-to-jpg-for-email.html,1415,"introduction,step-by-step,faq,conclusion",,True
convert-png-to-jpg-for-website.html,1863,"introduction,step-by-step,faq,conclusion",,True
convert-png-to-jpg-with-white-background.html,1549,"step-by-step,faq,conclusion",introduction,True
convert-webp-to-jpg-for-email.html,1568,"introduction,step-by-step,faq,conclusion",,True
convert-webp-to-jpg-for-wordpress.html,1301,"introduction,step-by-step,faq,conclusion",,True
convert-webp-to-jpg.html,1512,"introduction,step-by-step,faq,conclusion",,True
crop-image-aspect-ratio.html,1428,"introduction,step-by-step,faq,conclusion",,True
crop-image-for-passport.html,1538,"introduction,step-by-step,faq,conclusion",,True
crop-image-for-website.html,1516,"introduction,step-by-step,faq,conclusion",,True
crop-image-to-square.html,1356,"introduction,step-by-step,faq,conclusion",,True
flip-image-for-design.html,1395,"introduction,step-by-step,faq,conclusion",,True
flip-image-guide-1.html,1568,"introduction,step-by-step,faq,conclusion",,True
flip-image-guide-2.html,1460,"introduction,step-by-step,faq,conclusion",,True
flip-image-guide-3.html,1469,"introduction,step-by-step,faq,conclusion",,True
flip-image-guide-4.html,1369,"introduction,step-by-step,faq,conclusion",,True
flip-image-guide-5.html,1319,"introduction,step-by-step,faq,conclusion",,True
flip-image-horizontally.html,1467,"introduction,step-by-step,faq,conclusion",,True
flip-image-vertically.html,1344,"introduction,step-by-step,faq,conclusion",,True
flip-vs-rotate.html,1490,"introduction,step-by-step,faq,conclusion",,True
gaussian-blur-vs-motion-blur.html,1343,"introduction,step-by-step,faq,conclusion",,True
gif-to-png-guide-1.html,1536,"introduction,step-by-step,faq,conclusion",,True
gif-to-png-guide-2.html,1670,"introduction,step-by-step,faq,conclusion",,True
gif-to-png-guide-3.html,1450,"introduction,step-by-step,faq,conclusion",,True
gif-to-png-guide-4.html,1539,"introduction,step-by-step,faq,conclusion",,True
gif-to-png-guide-5.html,1528,"introduction,step-by-step,faq,conclusion",,True
grayscale-vs-sepia.html,1248,"introduction,step-by-step,faq,conclusion",,True
heic-to-jpg-guide-1.html,1752,"introduction,step-by-step,faq,conclusion",,True
heic-to-jpg-guide-2.html,1534,"introduction,step-by-step,faq,conclusion",,True
heic-to-jpg-guide-3.html,1458,"introduction,step-by-step,faq,conclusion",,True
heic-to-jpg-guide-4.html,1732,"introduction,step-by-step,faq,conclusion",,True
heic-to-jpg-guide-5.html,1617,"introduction,step-by-step,faq,conclusion",,True
how-to-blur-image-online.html,665,step-by-step,"introduction,faq,conclusion",True
how-to-compress-image-online.html,799,"introduction,step-by-step","faq,conclusion",True
how-to-convert-image-to-grayscale.html,1328,"introduction,step-by-step,faq,conclusion",,True
how-to-convert-jpg-to-png.html,327,,"introduction,step-by-step,faq,conclusion",True
how-to-convert-png-to-jpg.html,1708,"introduction,step-by-step,faq,conclusion",,True
how-to-convert-webp-to-jpg.html,1364,"introduction,step-by-step,faq,conclusion",,True
how-to-crop-image-online.html,910,"introduction,step-by-step","faq,conclusion",True
how-to-flip-image-online.html,1275,"introduction,step-by-step,faq,conclusion",,True
how-to-resize-image-online.html,872,introduction,"step-by-step,faq,conclusion",True
how-to-rotate-image-online.html,1254,"introduction,step-by-step,faq,conclusion",,True
how-to-sharpen-image-online.html,615,,"introduction,step-by-step,faq,conclusion",True
image-blur-guide-1.html,1695,"introduction,step-by-step,faq,conclusion",,True
image-blur-guide-2.html,1572,"introduction,step-by-step,faq,conclusion",,True
image-blur-guide-3.html,1561,"introduction,step-by-step,faq,conclusion",,True
image-blur-guide-4.html,1547,"introduction,step-by-step,faq,conclusion",,True
image-blur-guide-5.html,1557,"introduction,step-by-step,faq,conclusion",,True
image-brightness-guide-1.html,1608,"introduction,step-by-step,faq,conclusion",,True
image-brightness-guide-2.html,1401,"step-by-step,faq,conclusion",introduction,True
image-brightness-guide-3.html,2195,"introduction,step-by-step,faq,conclusion",,True
image-brightness-guide-4.html,1511,"introduction,step-by-step,faq,conclusion",,True
image-brightness-guide-5.html,1514,"introduction,step-by-step,faq,conclusion",,True
image-compressor-guide-1.html,1494,"introduction,step-by-step,faq,conclusion",,True
image-compressor-guide-2.html,1477,"introduction,step-by-step,faq,conclusion",,True
image-compressor-guide-3.html,1563,"introduction,step-by-step,faq,conclusion",,True
image-compressor-guide-4.html,1618,"introduction,step-by-step,faq,conclusion",,True
image-compressor-guide-5.html,1577,"introduction,step-by-step,faq,conclusion",,True
image-contrast-guide-1.html,1523,"introduction,step-by-step,faq,conclusion",,True
image-contrast-guide-2.html,1641,"step-by-step,faq,conclusion",introduction,True
image-contrast-guide-3.html,1479,"introduction,step-by-step,faq,conclusion",,True
image-contrast-guide-4.html,1677,"introduction,step-by-step,faq,conclusion",,True
image-contrast-guide-5.html,2060,"step-by-step,faq,conclusion",introduction,True
image-crop-guide-1.html,1710,"introduction,step-by-step,faq,conclusion",,True
image-crop-guide-2.html,1476,"introduction,step-by-step,faq,conclusion",,True
image-crop-guide-3.html,1628,"introduction,step-by-step,faq,conclusion",,True
image-crop-guide-4.html,1549,"introduction,step-by-step,faq,conclusion",,True
image-crop-guide-5.html,1270,"introduction,step-by-step,faq,conclusion",,True
image-grayscale-guide-1.html,1616,"introduction,step-by-step,faq,conclusion",,True
image-grayscale-guide-2.html,1605,"introduction,step-by-step,faq,conclusion",,True
image-grayscale-guide-3.html,1596,"introduction,step-by-step,faq,conclusion",,True
image-grayscale-guide-4.html,1504,"introduction,step-by-step,faq,conclusion",,True
image-grayscale-guide-5.html,1419,"introduction,step-by-step,faq,conclusion",,True
image-invert-guide-1.html,1396,"introduction,step-by-step,faq,conclusion",,True
image-invert-guide-2.html,1454,"introduction,step-by-step,faq,conclusion",,True
image-invert-guide-3.html,1638,"introduction,step-by-step,faq,conclusion",,True
image-invert-guide-4.html,1610,"introduction,step-by-step,faq,conclusion",,True
image-invert-guide-5.html,1509,"introduction,step-by-step,faq,conclusion",,True
image-resizer-guide-1.html,1379,"introduction,step-by-step,faq,conclusion",,True
image-resizer-guide-2.html,1421,"introduction,step-by-step,faq,conclusion",,True
image-resizer-guide-3.html,1701,"introduction,step-by-step,faq,conclusion",,True
image-resizer-guide-4.html,1736,"introduction,step-by-step,faq,conclusion",,True
image-resizer-guide-5.html,1546,"introduction,step-by-step,faq,conclusion",,True
image-saturation-guide-1.html,1756,"introduction,step-by-step,faq,conclusion",,True
image-saturation-guide-2.html,1518,"introduction,step-by-step,faq,conclusion",,True
image-saturation-guide-3.html,1560,"introduction,step-by-step,faq,conclusion",,True
image-saturation-guide-4.html,1609,"introduction,step-by-step,faq,conclusion",,True
image-saturation-guide-5.html,1496,"introduction,step-by-step,faq,conclusion",,True
image-sepia-guide-1.html,1610,"introduction,step-by-step,faq,conclusion",,True
image-sepia-guide-2.html,1467,"introduction,step-by-step,faq,conclusion",,True
image-sepia-guide-3.html,1548,"introduction,step-by-step,faq,conclusion",,True
image-sepia-guide-4.html,1472,"introduction,step-by-step,faq,conclusion",,True
image-sepia-guide-5.html,1495,"step-by-step,faq,conclusion",introduction,True
image-sharpen-guide-1.html,1695,"introduction,step-by-step,faq,conclusion",,True
image-sharpen-guide-2.html,1691,"introduction,step-by-step,faq,conclusion",,True
image-sharpen-guide-3.html,1551,"introduction,step-by-step,faq,conclusion",,True
image-sharpen-guide-4.html,1566,"introduction,step-by-step,faq,conclusion",,True
image-sharpen-guide-5.html,1488,"introduction,step-by-step,faq,conclusion",,True
image-to-base64-guide-1.html,1660,"introduction,step-by-step,faq,conclusion",,True
image-to-base64-guide-2.html,1732,"introduction,step-by-step,faq,conclusion",,True
image-to-base64-guide-3.html,1662,"introduction,step-by-step,faq,conclusion",,True
image-to-base64-guide-4.html,1531,"step-by-step,faq,conclusion",introduction,True
image-to-base64-guide-5.html,1445,"introduction,step-by-step,conclusion",faq,True
image-to-webp-guide-1.html,1536,"step-by-step,faq,conclusion",introduction,True
image-to-webp-guide-2.html,1684,"introduction,step-by-step,faq,conclusion",,True
image-to-webp-guide-3.html,1764,"introduction,step-by-step,faq,conclusion",,True
image-to-webp-guide-4.html,1602,"introduction,step-by-step,faq,conclusion",,True
image-to-webp-guide-5.html,1421,"introduction,step-by-step,faq,conclusion",,True
jpg-to-png-guide-1.html,1534,"introduction,step-by-step,faq,conclusion",,True
jpg-to-png-guide-2.html,1698,"step-by-step,faq,conclusion",introduction,True
jpg-to-png-guide-3.html,1538,"introduction,step-by-step,faq,conclusion",,True
jpg-to-png-guide-4.html,1697,"introduction,step-by-step,faq,conclusion",,True
jpg-to-png-guide-5.html,1498,"introduction,step-by-step,faq,conclusion",,True
png-to-jpg-guide-1.html,1541,"step-by-step,faq,conclusion",introduction,True
png-to-jpg-guide-2.html,1715,"step-by-step,faq,conclusion",introduction,True
png-to-jpg-guide-3.html,1509,"introduction,step-by-step,faq,conclusion",,True
png-to-jpg-guide-4.html,1610,"introduction,step-by-step,faq,conclusion",,True
png-to-jpg-guide-5.html,1423,"introduction,step-by-step,faq,conclusion",,True
png-to-webp-guide-1.html,1619,"introduction,step-by-step,faq,conclusion",,True
png-to-webp-guide-2.html,1613,"introduction,step-by-step,faq,conclusion",,True
png-to-webp-guide-3.html,1566,"introduction,step-by-step,faq,conclusion",,True
png-to-webp-guide-4.html,1700,"introduction,step-by-step,faq,conclusion",,True
png-to-webp-guide-5.html,1514,"introduction,step-by-step,faq,conclusion",,True
resize-image-for-email.html,1688,"introduction,step-by-step,faq,conclusion",,True
resize-image-for-facebook-cover.html,1821,"introduction,step-by-step,faq,conclusion",,True
resize-image-for-instagram.html,2142,"step-by-step,faq,conclusion",introduction,True
resize-image-for-youtube-thumbnail.html,1751,"step-by-step,faq,conclusion",introduction,True
resize-image-online.html,1458,"introduction,step-by-step,faq,conclusion",,True
rotate-image-180-degrees.html,1460,"step-by-step,faq,conclusion",introduction,True
rotate-image-90-degrees.html,1481,"introduction,step-by-step,faq,conclusion",,True
rotate-image-counterclockwise.html,1187,"step-by-step,faq,conclusion",introduction,True
rotate-image-for-social-media.html,1240,"introduction,step-by-step,faq,conclusion",,True
rotate-image-guide-1.html,1751,"introduction,step-by-step,faq,conclusion",,True
rotate-image-guide-2.html,1531,"introduction,step-by-step,faq,conclusion",,True
rotate-image-guide-3.html,1269,"introduction,step-by-step,faq,conclusion",,True
rotate-image-guide-4.html,1625,"step-by-step,faq,conclusion",introduction,True
rotate-image-guide-5.html,1572,"introduction,step-by-step,faq,conclusion",,True
sharpen-blurry-photos.html,1587,"introduction,step-by-step,faq,conclusion",,True
sharpen-image-for-print.html,1369,"introduction,step-by-step,faq,conclusion",,True
sharpen-image-for-social-media.html,1347,"introduction,step-by-step,faq,conclusion",,True
test-tool-guide-1.html,1699,"introduction,step-by-step,faq,conclusion",,True
test-tool-guide-2.html,1533,"introduction,step-by-step,faq,conclusion",,True
test-tool-guide-3.html,1821,"introduction,step-by-step,faq,conclusion",,True
test-tool-guide-4.html,1327,"introduction,step-by-step,faq,conclusion",,True
test-tool-guide-5.html,1776,"introduction,step-by-step,faq,conclusion",,True
tiff-to-jpg-guide-1.html,1614,"introduction,step-by-step,faq,conclusion",,True
tiff-to-jpg-guide-2.html,1592,"introduction,step-by-step,faq,conclusion",,True
tiff-to-jpg-guide-3.html,1503,"introduction,step-by-step,faq,conclusion",,True
tiff-to-jpg-guide-4.html,1558,"introduction,step-by-step,faq,conclusion",,True
tiff-to-jpg-guide-5.html,1542,"introduction,step-by-step,faq,conclusion",,True
unsharp-mask-explained.html,1570,"step-by-step,faq,conclusion",introduction,True
webp-to-jpg-guide-1.html,1635,"step-by-step,faq,conclusion",introduction,True
webp-to-jpg-guide-2.html,1536,"introduction,step-by-step,faq,conclusion",,True
webp-to-jpg-guide-3.html,1490,"introduction,step-by-step,faq,conclusion",,True
webp-to-jpg-guide-4.html,1549,"introduction,step-by-step,faq,conclusion",,True
webp-to-jpg-guide-5.html,1489,"introduction,step-by-step,faq,conclusion",,True
webp-vs-jpg-which-is-better.html,623,introduction,"step-by-step,faq,conclusion",True
why-use-grayscale-images.html,1512,"introduction,step-by-step,faq,conclusion",,True
